[{"model": "base.municipality", "pk": 1, "fields": {"name": "Gemeinde D\u00fcrrr\u00f6hrsdorf-Dittersbach", "chief": "Ronny Renger", "street": "Hauptstra\u00dfe 120", "location": "D\u00fcrrr\u00f6hrsdorf-Dittersbach", "phone_number": "", "editor": 1, "creation_date": "2016-06-24T05:35:37Z", "last_update": "2016-06-24T05:35:38.767Z"}}, {"model": "base.municipality", "pk": 2, "fields": {"name": "Stadt Stolpen", "chief": "Wilfried Kretzschmar", "street": "", "location": "", "phone_number": "", "editor": 1, "creation_date": "2016-06-24T05:35:59Z", "last_update": "2016-06-24T05:36:00.181Z"}}, {"model": "base.firehouse", "pk": 1, "fields": {"name": "D\u00fcrrr\u00f6hrsdorf", "chief": "Sven Lauber", "street": "Am Quellenberg A 1a", "location": "D\u00fcrrr\u00f6hrsdorf-Dittersbach", "phone_number": "", "municipality": 1, "editor": 1, "creation_date": "2016-06-24T05:36:29Z", "last_update": "2016-06-24T05:36:30.282Z"}}, {"model": "base.firehouse", "pk": 2, "fields": {"name": "Wilschdorf", "chief": "Thomas Holdt", "street": "", "location": "", "phone_number": "", "municipality": 1, "editor": 1, "creation_date": "2016-06-24T05:37:18Z", "last_update": "2016-06-24T05:37:20.122Z"}}, {"model": "base.firehouse", "pk": 3, "fields": {"name": "W\u00fcnschendorf", "chief": "Ulli J\u00e4ckel", "street": "", "location": "", "phone_number": "", "municipality": 1, "editor": 1, "creation_date": "2016-06-24T05:37:36Z", "last_update": "2016-06-24T05:37:37.503Z"}}, {"model": "base.firehouse", "pk": 4, "fields": {"name": "Dobra", "chief": "G\u00fcnther Heinrich", "street": "", "location": "", "phone_number": "", "municipality": 1, "editor": 1, "creation_date": "2016-06-24T05:37:53Z", "last_update": "2016-06-24T05:37:53.843Z"}}, {"model": "base.firehouse", "pk": 5, "fields": {"name": "St\u00fcrza", "chief": "", "street": "", "location": "", "phone_number": "", "municipality": 1, "editor": null, "creation_date": "2016-06-24T05:38:02Z", "last_update": "2016-06-24T05:38:09.833Z"}}, {"model": "base.firehouse", "pk": 6, "fields": {"name": "Porschendorf", "chief": "Ronny Renger", "street": "", "location": "", "phone_number": "", "municipality": 1, "editor": 1, "creation_date": "2016-06-24T05:38:21Z", "last_update": "2016-06-24T05:38:22.241Z"}}, {"model": "base.firehouse", "pk": 7, "fields": {"name": "Elbersdorf", "chief": "Bernd Glumbick", "street": "", "location": "", "phone_number": "", "municipality": 1, "editor": 1, "creation_date": "2016-06-24T05:38:35Z", "last_update": "2016-06-24T05:38:36.545Z"}}, {"model": "base.firehouse", "pk": 8, "fields": {"name": "Heeselicht", "chief": "", "street": "", "location": "", "phone_number": "", "municipality": 2, "editor": 1, "creation_date": "2016-06-24T05:39:44Z", "last_update": "2016-06-24T05:39:45.640Z"}}, {"model": "base.vehicle", "pk": 1, "fields": {"call_sign": "Fl. Dobra 42/1", "crew": "1/8", "number_plate": "PIR XY 123", "fire_house": 4, "editor": 1, "creation_date": "2016-06-21T06:37:24Z", "last_update": "2016-06-24T05:39:29.473Z"}}, {"model": "base.vehicle", "pk": 2, "fields": {"call_sign": "Fl. D\u00fcrrr\u00f6hrsdorf 42/1", "crew": "1/8", "number_plate": "PIR DD 76", "fire_house": 1, "editor": 1, "creation_date": "2016-06-21T06:37:32Z", "last_update": "2016-06-24T05:36:55.947Z"}}, {"model": "base.vehicle", "pk": 3, "fields": {"call_sign": "Fl. Dobra 23/1", "crew": "1/5", "number_plate": "PIR XY 123", "fire_house": 4, "editor": 1, "creation_date": "2016-06-24T05:18:18Z", "last_update": "2016-06-24T05:39:23.506Z"}}, {"model": "base.vehicle", "pk": 4, "fields": {"call_sign": "Fl. St\u00fcrza 45/1", "crew": "1/8", "number_plate": "PIR XY 123", "fire_house": 5, "editor": 1, "creation_date": "2016-06-24T05:18:52Z", "last_update": "2016-06-24T05:39:18.517Z"}}, {"model": "base.vehicle", "pk": 5, "fields": {"call_sign": "Fl. Porschendorf 43/1", "crew": "1/8", "number_plate": "PIR XY 123", "fire_house": 6, "editor": 1, "creation_date": "2016-06-24T05:19:22Z", "last_update": "2016-06-24T05:39:13.759Z"}}, {"model": "base.vehicle", "pk": 6, "fields": {"call_sign": "Fl. Elbersdorf 46/1", "crew": "1/5", "number_plate": "PIR XY 123", "fire_house": 7, "editor": 1, "creation_date": "2016-06-24T05:19:45Z", "last_update": "2016-06-24T05:39:07.452Z"}}, {"model": "base.vehicle", "pk": 7, "fields": {"call_sign": "Fl. Wilschdorf 46/1", "crew": "1/5", "number_plate": "PIR XY 123", "fire_house": 2, "editor": 1, "creation_date": "2016-06-24T05:20:11Z", "last_update": "2016-06-24T05:38:58.817Z"}}, {"model": "base.vehicle", "pk": 8, "fields": {"call_sign": "Fl. W\u00fcnschendorf 46/1", "crew": "1/5", "number_plate": "PIR XY 123", "fire_house": 3, "editor": 1, "creation_date": "2016-06-24T05:21:30Z", "last_update": "2016-06-24T05:38:53.065Z"}}, {"model": "base.vehicle", "pk": 9, "fields": {"call_sign": "Fl. D\u00fcrrr\u00f6hrsdorf 18/1", "crew": "1/4", "number_plate": "SEB 2207", "fire_house": 1, "editor": 1, "creation_date": "2016-06-24T05:21:54Z", "last_update": "2016-06-24T05:36:50.881Z"}}, {"model": "base.vehicle", "pk": 10, "fields": {"call_sign": "Fl. D\u00fcrrr\u00f6hrsdorf 11/1", "crew": "1/3", "number_plate": "PIR K 8002", "fire_house": 1, "editor": 1, "creation_date": "2016-06-24T05:22:11Z", "last_update": "2016-06-24T05:36:45.349Z"}}, {"model": "base.vehicle", "pk": 11, "fields": {"call_sign": "Fl. Heeselicht 65/1", "crew": "1/5", "number_plate": "PIR FH 651", "fire_house": 8, "editor": 1, "creation_date": "2016-06-24T05:23:18Z", "last_update": "2016-06-24T05:39:56.515Z"}}, {"model": "base.training", "pk": 1, "fields": {"date": "2016-07-01T16:00:00Z", "subject": "TH Praxis", "note": "", "editor": 1, "creation_date": "2016-06-21T06:37:54Z", "last_update": "2016-06-21T06:37:55.859Z", "responsibles": [1]}}, {"model": "base.breathingprotectiontraining", "pk": 1, "fields": {"date": "2016-06-25T04:00:00Z", "location": "BIW", "organizer": 2, "editor": 1, "creation_date": "2016-06-21T06:38:12Z", "last_update": "2016-06-21T06:38:14.002Z", "participants": [1, 3]}}, {"model": "base.breathingprotectiontraining", "pk": 2, "fields": {"date": "2016-07-06T16:00:00Z", "location": "Pirna", "organizer": 2, "editor": null, "creation_date": null, "last_update": "2016-06-23T06:48:43.026Z", "participants": [2]}}, {"model": "base.breathingprotectiontraining", "pk": 3, "fields": {"date": "2016-08-10T06:48:53Z", "location": "FTL", "organizer": 2, "editor": null, "creation_date": null, "last_update": "2016-06-23T06:49:03.174Z", "participants": [1, 2, 3]}}, {"model": "base.breathingprotectiontraining", "pk": 4, "fields": {"date": "2016-12-31T23:00:00Z", "location": "DD", "organizer": 1, "editor": null, "creation_date": null, "last_update": "2016-06-23T06:51:37.104Z", "participants": [2]}}, {"model": "base.breathingprotectiontraining", "pk": 5, "fields": {"date": "2018-02-01T23:00:00Z", "location": "TEST", "organizer": 1, "editor": 1, "creation_date": "2016-06-23T07:02:25.727Z", "last_update": "2016-06-24T04:42:17.430Z", "participants": [2]}}, {"model": "base.mission", "pk": 1, "fields": {"number": "123", "alarm_time": "2016-06-22T06:33:28Z", "keyword": "TH", "description": "Wasser in Gesch\u00e4ft", "volume": "klein", "concerned": "k", "name": "Meier", "street": "Hauptstra\u00dfe 98", "location": "D\u00fcrrr\u00f6hrsdorf-Dittersbach", "coordinates": null, "signal": true, "editor": 1, "creation_date": "2016-06-22T06:35:53Z", "last_update": "2016-06-22T07:07:58.307Z", "vehicles": [1, 2], "firefighters": []}}, {"model": "base.mission", "pk": 2, "fields": {"number": "456", "alarm_time": "2016-06-22T09:12:53Z", "keyword": "Brand", "description": "Schwarze Rauchs\u00e4ule neben Geb\u00e4ude", "volume": "mittel", "concerned": "u", "name": "Hermann", "street": "Alte Hauptstra\u00dfe 11", "location": "Wilschdorf", "coordinates": null, "signal": true, "editor": 1, "creation_date": "2016-06-22T09:13:40Z", "last_update": "2016-06-22T09:13:40.969Z", "vehicles": [1, 2], "firefighters": []}}, {"model": "base.message", "pk": 1, "fields": {"subject": "Ausflug am 09.10.2016", "text": "Der Ausflug am 09.10.2016 startet p\u00fcnktlich um 09:00 Uhr!", "expiration_date": null, "author": 1, "editor": 1, "creation_date": "2016-06-23T09:17:51.423Z", "last_update": "2016-06-24T05:45:38.015Z"}}, {"model": "contenttypes.contenttype", "pk": 1, "fields": {"app_label": "admin", "model": "logentry"}}, {"model": "contenttypes.contenttype", "pk": 2, "fields": {"app_label": "auth", "model": "permission"}}, {"model": "contenttypes.contenttype", "pk": 3, "fields": {"app_label": "auth", "model": "group"}}, {"model": "contenttypes.contenttype", "pk": 4, "fields": {"app_label": "auth", "model": "user"}}, {"model": "contenttypes.contenttype", "pk": 5, "fields": {"app_label": "contenttypes", "model": "contenttype"}}, {"model": "contenttypes.contenttype", "pk": 6, "fields": {"app_label": "sessions", "model": "session"}}, {"model": "contenttypes.contenttype", "pk": 7, "fields": {"app_label": "base", "model": "userprofile"}}, {"model": "contenttypes.contenttype", "pk": 8, "fields": {"app_label": "base", "model": "vehicle"}}, {"model": "contenttypes.contenttype", "pk": 9, "fields": {"app_label": "base", "model": "training"}}, {"model": "contenttypes.contenttype", "pk": 10, "fields": {"app_label": "base", "model": "breathingprotectiontraining"}}, {"model": "contenttypes.contenttype", "pk": 11, "fields": {"app_label": "base", "model": "mission"}}, {"model": "contenttypes.contenttype", "pk": 12, "fields": {"app_label": "base", "model": "message"}}, {"model": "contenttypes.contenttype", "pk": 13, "fields": {"app_label": "base", "model": "municipality"}}, {"model": "contenttypes.contenttype", "pk": 14, "fields": {"app_label": "base", "model": "firehouse"}}, {"model": "auth.permission", "pk": 1, "fields": {"name": "Can add log entry", "content_type": 1, "codename": "add_logentry"}}, {"model": "auth.permission", "pk": 2, "fields": {"name": "Can change log entry", "content_type": 1, "codename": "change_logentry"}}, {"model": "auth.permission", "pk": 3, "fields": {"name": "Can delete log entry", "content_type": 1, "codename": "delete_logentry"}}, {"model": "auth.permission", "pk": 4, "fields": {"name": "Can add permission", "content_type": 2, "codename": "add_permission"}}, {"model": "auth.permission", "pk": 5, "fields": {"name": "Can change permission", "content_type": 2, "codename": "change_permission"}}, {"model": "auth.permission", "pk": 6, "fields": {"name": "Can delete permission", "content_type": 2, "codename": "delete_permission"}}, {"model": "auth.permission", "pk": 7, "fields": {"name": "Can add group", "content_type": 3, "codename": "add_group"}}, {"model": "auth.permission", "pk": 8, "fields": {"name": "Can change group", "content_type": 3, "codename": "change_group"}}, {"model": "auth.permission", "pk": 9, "fields": {"name": "Can delete group", "content_type": 3, "codename": "delete_group"}}, {"model": "auth.permission", "pk": 10, "fields": {"name": "Can add user", "content_type": 4, "codename": "add_user"}}, {"model": "auth.permission", "pk": 11, "fields": {"name": "Can change user", "content_type": 4, "codename": "change_user"}}, {"model": "auth.permission", "pk": 12, "fields": {"name": "Can delete user", "content_type": 4, "codename": "delete_user"}}, {"model": "auth.permission", "pk": 13, "fields": {"name": "Can add content type", "content_type": 5, "codename": "add_contenttype"}}, {"model": "auth.permission", "pk": 14, "fields": {"name": "Can change content type", "content_type": 5, "codename": "change_contenttype"}}, {"model": "auth.permission", "pk": 15, "fields": {"name": "Can delete content type", "content_type": 5, "codename": "delete_contenttype"}}, {"model": "auth.permission", "pk": 16, "fields": {"name": "Can add session", "content_type": 6, "codename": "add_session"}}, {"model": "auth.permission", "pk": 17, "fields": {"name": "Can change session", "content_type": 6, "codename": "change_session"}}, {"model": "auth.permission", "pk": 18, "fields": {"name": "Can delete session", "content_type": 6, "codename": "delete_session"}}, {"model": "auth.permission", "pk": 19, "fields": {"name": "Can add User", "content_type": 7, "codename": "add_userprofile"}}, {"model": "auth.permission", "pk": 20, "fields": {"name": "Can change User", "content_type": 7, "codename": "change_userprofile"}}, {"model": "auth.permission", "pk": 21, "fields": {"name": "Can delete User", "content_type": 7, "codename": "delete_userprofile"}}, {"model": "auth.permission", "pk": 22, "fields": {"name": "Can add Vehicle", "content_type": 8, "codename": "add_vehicle"}}, {"model": "auth.permission", "pk": 23, "fields": {"name": "Can change Vehicle", "content_type": 8, "codename": "change_vehicle"}}, {"model": "auth.permission", "pk": 24, "fields": {"name": "Can delete Vehicle", "content_type": 8, "codename": "delete_vehicle"}}, {"model": "auth.permission", "pk": 25, "fields": {"name": "Can add Training", "content_type": 9, "codename": "add_training"}}, {"model": "auth.permission", "pk": 26, "fields": {"name": "Can change Training", "content_type": 9, "codename": "change_training"}}, {"model": "auth.permission", "pk": 27, "fields": {"name": "Can delete Training", "content_type": 9, "codename": "delete_training"}}, {"model": "auth.permission", "pk": 28, "fields": {"name": "Can add Breathing Protection Training", "content_type": 10, "codename": "add_breathingprotectiontraining"}}, {"model": "auth.permission", "pk": 29, "fields": {"name": "Can change Breathing Protection Training", "content_type": 10, "codename": "change_breathingprotectiontraining"}}, {"model": "auth.permission", "pk": 30, "fields": {"name": "Can delete Breathing Protection Training", "content_type": 10, "codename": "delete_breathingprotectiontraining"}}, {"model": "auth.permission", "pk": 31, "fields": {"name": "Can add Mission", "content_type": 11, "codename": "add_mission"}}, {"model": "auth.permission", "pk": 32, "fields": {"name": "Can change Mission", "content_type": 11, "codename": "change_mission"}}, {"model": "auth.permission", "pk": 33, "fields": {"name": "Can delete Mission", "content_type": 11, "codename": "delete_mission"}}, {"model": "auth.permission", "pk": 34, "fields": {"name": "Can add Message", "content_type": 12, "codename": "add_message"}}, {"model": "auth.permission", "pk": 35, "fields": {"name": "Can change Message", "content_type": 12, "codename": "change_message"}}, {"model": "auth.permission", "pk": 36, "fields": {"name": "Can delete Message", "content_type": 12, "codename": "delete_message"}}, {"model": "auth.permission", "pk": 37, "fields": {"name": "Can add Municipality", "content_type": 13, "codename": "add_municipality"}}, {"model": "auth.permission", "pk": 38, "fields": {"name": "Can change Municipality", "content_type": 13, "codename": "change_municipality"}}, {"model": "auth.permission", "pk": 39, "fields": {"name": "Can delete Municipality", "content_type": 13, "codename": "delete_municipality"}}, {"model": "auth.permission", "pk": 40, "fields": {"name": "Can add Fire House", "content_type": 14, "codename": "add_firehouse"}}, {"model": "auth.permission", "pk": 41, "fields": {"name": "Can change Fire House", "content_type": 14, "codename": "change_firehouse"}}, {"model": "auth.permission", "pk": 42, "fields": {"name": "Can delete Fire House", "content_type": 14, "codename": "delete_firehouse"}}, {"model": "auth.permission", "pk": 43, "fields": {"name": "Can change breathing protection carrier", "content_type": 7, "codename": "change_breathingprotectioncarrier"}}, {"model": "auth.permission", "pk": 44, "fields": {"name": "Can view trainings", "content_type": 9, "codename": "view_training"}}, {"model": "auth.permission", "pk": 45, "fields": {"name": "Can view breathing protection trainings", "content_type": 10, "codename": "view_breathingprotectiontraining"}}, {"model": "auth.permission", "pk": 46, "fields": {"name": "Can view missions", "content_type": 11, "codename": "view_mission"}}, {"model": "auth.permission", "pk": 47, "fields": {"name": "Can view messages", "content_type": 12, "codename": "view_message"}}, {"model": "auth.permission", "pk": 48, "fields": {"name": "Can view breathing protection carriers", "content_type": 7, "codename": "view_breathingprotectioncarrier"}}, {"model": "auth.group", "pk": 1, "fields": {"name": "Einsatzgruppe", "permissions": [31, 32, 33, 46]}}, {"model": "auth.group", "pk": 2, "fields": {"name": "ASG-Gruppe", "permissions": [28, 29, 30, 45, 43, 48]}}, {"model": "auth.group", "pk": 3, "fields": {"name": "Mitteilungsgruppe", "permissions": [34, 35, 36, 47]}}, {"model": "auth.group", "pk": 4, "fields": {"name": "Ausbildungsgruppe", "permissions": [25, 26, 27, 44]}}, {"model": "auth.user", "pk": 1, "fields": {"password": "pbkdf2_sha256$24000$PacLVWSZOitU$mFlOUhlUz5j5Qwcj3x9Og66B4mnSL+I9re8BLc+NJCU=", "last_login": "2016-06-24T08:09:59.718Z", "is_superuser": true, "username": "admin", "first_name": "Steve", "last_name": "Gr\u00f6ber", "email": "mail@groeber.de", "is_staff": true, "is_active": true, "date_joined": "2016-06-21T06:35:15Z", "groups": [], "user_permissions": []}}, {"model": "auth.user", "pk": 2, "fields": {"password": "pbkdf2_sha256$24000$tiCv3NOdfjKa$OxLq97DQhQNDWkJO1vq6w+BOivj8284GhfFcbSEP2hY=", "last_login": "2016-06-24T08:10:14.245Z", "is_superuser": false, "username": "s.lauber", "first_name": "Sven", "last_name": "Lauber", "email": "mail@lauber.de", "is_staff": true, "is_active": true, "date_joined": "2016-06-21T06:35:52Z", "groups": [1, 3, 4], "user_permissions": []}}, {"model": "auth.user", "pk": 3, "fields": {"password": "pbkdf2_sha256$24000$yn6mbjvYAyB1$MYOs1TNsdJY9D/H3QoGbKErpyqJ3UrDrqdteBktBA14=", "last_login": "2016-06-24T08:09:36.137Z", "is_superuser": false, "username": "f.hegewald", "first_name": "Felix", "last_name": "Hegewald", "email": "mail@hegewald.de", "is_staff": true, "is_active": true, "date_joined": "2016-06-21T06:36:17Z", "groups": [2, 3], "user_permissions": []}}, {"model": "base.userprofile", "pk": 1, "fields": {"user": 1, "grade": "HFM", "phone_number": "", "mobile_phone_number": "", "birth_date": null, "admittance_date": null, "breathing_protection_carrier": false, "next_medical_examination_date": null, "next_breathing_protection_training_date": null, "online": false, "online_date": null, "online_ip": "", "creation_date": "2016-06-21T06:36:42Z", "last_update": "2016-06-21T06:36:43.463Z"}}, {"model": "base.userprofile", "pk": 2, "fields": {"user": 3, "grade": "HFM", "phone_number": "", "mobile_phone_number": "", "birth_date": null, "admittance_date": null, "breathing_protection_carrier": true, "next_medical_examination_date": "2016-10-10", "next_breathing_protection_training_date": "2016-11-11", "online": false, "online_date": null, "online_ip": "", "creation_date": "2016-06-21T06:36:51Z", "last_update": "2016-06-24T08:06:42.134Z"}}, {"model": "base.userprofile", "pk": 3, "fields": {"user": 2, "grade": "HBM", "phone_number": "", "mobile_phone_number": "", "birth_date": null, "admittance_date": null, "breathing_protection_carrier": false, "next_medical_examination_date": null, "next_breathing_protection_training_date": null, "online": false, "online_date": null, "online_ip": "", "creation_date": "2016-06-21T06:37:00Z", "last_update": "2016-06-21T06:37:01.194Z"}}]